1;wheel
2;sword
3;police
4;jet2
5;SpaceShuttle.gif
6;Sheriff.gif
7;Sailor.gif
8;Mini.gif
9;LearJet.gif
10;Ducks.gif
11;Concorde.gif
12;Beluga.gif
13;B747.gif
14;B52.gif
15;B2.gif
16;Apache.gif
88;flossen
160;foregroundx
172;NewgroundsAPI_Connector
176;kreuzi
222;submitkram
239;NewgroundsAPIAsset_Medal_Icon_Placeholder
246;NewgroundsAPIAsset_Medal_Popup
252;NewgroundsAPIAsset_Login_Warning
255;NewgroundsAPIAsset_Connection_Error
276;NewgroundsAPIAsset_big_popup_background
288;NewgroundsAsset_New_Version_Available
293;NewgroundsAsset_Illegal_Host
294;API Connector (NewgroundsAPI)
331;Flash Ad (NewgroundsAPI)
296;__Packages.com.newgrounds.API
297;__Packages.com.newgrounds.Bridge
298;__Packages.com.newgrounds.SaveFile
299;__Packages.com.newgrounds.SaveGroup
302;__Packages.com.newgrounds.SaveGroupQuery
304;__Packages.com.newgrounds.encoders.ImageScanner
303;__Packages.com.newgrounds.encoders.BaseN
313;__Packages.com.newgrounds.APIEventDispatcher
301;__Packages.com.newgrounds.APIEvent
295;__Packages.com.newgrounds.APIError
4169;__Packages.mochi.as2.MochiScores
4170;__Packages.mochi.as2.MochiSync
4171;__Packages.mochi.as2.MochiServices
4172;__Packages.mochi.as2.MochiEventDispatcher
4173;__Packages.mochi.as2.MochiEvents
4174;__Packages.mochi.as2.MochiCoins
4175;__Packages.mochi.as2.MochiDigits
223;__Packages.com.newgrounds.components.APIConnector
300;__Packages.com.newgrounds.ValidationTools
305;__Packages.com.newgrounds.encoders.SerialXML
306;__Packages.com.newgrounds.encoders.LZW2
307;__Packages.com.newgrounds.encoders.LZW
308;__Packages.com.newgrounds.Medal
309;__Packages.com.newgrounds.ScoreBoard
310;__Packages.com.newgrounds.Score
311;__Packages.com.newgrounds.encoders.RC4
312;__Packages.com.newgrounds.encoders.JSON
314;__Packages.com.newgrounds.encoders.MD5
319;__Packages.com.newgrounds.components.FlashAd
384;water
385;chopper2
386;war
387;miami
388;jaws
389;emergency
390;koala
495;background4
496;chainsaw
497;bubbles
498;native
499;boat2
501;einfader
506;ausklang
507;boat1
508;chopper1
509;coins2
510;reporter
511;jet1
599;background3
600;ducks
608;background1
725;background2
