29;uk.co.kempt.display.UnstoppableLoader
0;uk.co.kempt.UnstoppableDocument
68;uk.co.kempt.translation.LanguagePicker
61;uk.co.kempt.display.menu.LanguageSelector
51;lang_choices
1884;Video3
1882;Video2
1880;Video1
1877;uk.co.kempt.Engine
1875;uk.co.kempt.display.HUD
1861;uk.co.kempt.display.TimeBar
1852;bottomBanner.image
1814;trans_1
1811;trans_22
1808;uk.co.kempt.display.WipeTransition
1806;uk.co.kempt.display.Grubble
1804;uk.co.kempt.world.smashables.TrainSmashable
1802;uk.co.kempt.world.primitives.RigidSolidRectangle
1799;uk.co.kempt.world.Magnet
1797;uk.co.kempt.display.AnimateScreen
1796;fl.controls.Button
1795;uk.co.kempt.display.BrushSprite
1790;dollar.inner
1781;nein
1774;factory_01a
1773;factory_02a
1772;uk.co.kempt.display.drawing.TrackSleeperSprite
1770;uk.co.kempt.display.drawing.RailSprite
1767;uk.co.kempt.display.drawing.BridgeEdgeSprite
1765;uk.co.kempt.world.nonstatic.TrackBuilderVehicle
1763;uk.co.kempt.world.nonstatic.TrackBuilderTruck
1761;uk.co.kempt.world.nonstatic.Workman
1759;restriction_01
1758;restriction_22
1757;restriction_23
1756;restriction_24
1755;restriction_25
1754;restriction_26
1753;Level1
1752;house_12
1742;Level21
1739;Level22
1735;Level23
1734;car_08
1724;Level24
1715;Level25
1714;refinery
1706;hospital
1699;factory_10
1696;restriction_03
1695;Level2
1684;house_05
1679;resturant_02
1673;church_01
1671;Level4
1670;restriction_05copy
1656;restriction_06
1655;Level5
1653;petrolStation
1649;factory_06
1644;factory_07
1635;Level3
1634;restriction_04
1627;house_11
1622;house_10
1617;factory_01
1601;Level6
1589;restriction_07
1588;Level7
1574;restriction_08
1573;Level8
1572;woodedArea
1570;unstoppable_fla.woodedArea_anim_262
1562;restriction_09
1561;Level9
1549;restriction_10
1548;Level10
1547;logTruck
1541;loggingMachine_02
1536;loggingMachine_01
1531;factory_05
1521;factory_09
1507;woodedArea2
1505;unstoppable_fla.woodedArea2_anim_269
1504;unstoppable_fla.twigs_267
1502;unstoppable_fla.trainDust_264
1501;unstoppable_fla.trainDustInner_265
1480;restriction_11
1479;Level11
1472;Level12
1454;Level13
1449;church_02
1441;restriction_14
1440;Level14
1432;Level15
1430;logPile
1428;unstoppable_fla.logPile_anim_271
1425;tractor
1420;milkLorry
1415;combineHarvester2
1410;trailer01
1405;cow_01
1403;barn
1396;factory_08
1391;vegThing
1380;tower
1369;silo
1354;house_07
1331;restriction_16
1330;uk.co.kempt.world.smashables.TrainCarSmashable
1329;unstoppable_fla.traincarsmashanim_346
1325;restriction_02
1324;Level16
1323;mall_01
1318;house_08
1313;house_06
1309;house_02
1305;house_01
1300;house_03
1284;restriction_17
1283;Level17
1282;water_butt
1280;unstoppable_fla.waterAnim_86
1269;uk.co.kempt.world.primitives.SolidCircle
1260;house_04
1250;restriction_18
1249;Level18
1248;factory_02
1240;car_06
1233;restriction_19
1232;Level19
1231;car_05
1226;car_04
1222;carPolice
1217;truck_01
1214;uk.co.kempt.display.particles.Burning
1200;car_07
1196;coach_01
1191;factory_03
1186;shed_01
1181;pipeLine_02
1176;factory_04
1169;resturant_01
1164;mall_02
1154;house_09
1143;restriction_20
1142;Level20
1139;uk.co.kempt.display.Entrance
1137;uk.co.kempt.display.Exit
1133;man_01
1130;car_03
1125;car_02
1122;unstoppable_fla.carflipanim_171
1070;car_01
1065;plane_06
1059;plane_02
1054;pipeLine_03
1049;pipeLine_01
1044;plane_05
1039;plane_04
1034;plane_03
1029;plane_03a
1024;plane_01
1002;restriction_21
1001;uk.co.kempt.world.TrainCar
987;restriction_12
986;restriction_13
985;restriction_15
984;uk.co.kempt.display.particles.FloorDamage
951;uk.co.kempt.display.particles.Smoke
910;uk.co.kempt.display.particles.AngledDebris
909;uk.co.kempt.display.particles.AngledDebris2
908;uk.co.kempt.display.particles.AngledDebris3
903;uk.co.kempt.display.particles.TrainDust
858;uk.co.kempt.display.particles.BuildingDustGrouped
857;unstoppable_fla.buildDust_401
856;unstoppable_fla.dust_266
855;uk.co.kempt.display.particles.VehicleDust
816;smokeTrail
810;uk.co.kempt.display.particles.AngledFloorDamage
807;uk.co.kempt.display.particles.ExplosionMed
694;uk.co.kempt.display.particles.Explosion
615;uk.co.kempt.display.particles.NukeDust
612;uk.co.kempt.display.particles.NukeDustFast
611;unstoppable_fla.nukeDustFast_410
605;uk.co.kempt.display.particles.PubeBomb
604;unstoppable_fla.miniNukeAnim_412
597;uk.co.kempt.display.particles.ScoreSprite
594;uk.co.kempt.display.menu.StageSelect
593;uk.co.kempt.display.menu.MapSections
592;trans_14
588;trans_13
584;trans_12
580;trans_11
576;trans_10
574;unstoppable_fla.bars_419
557;uk.co.kempt.display.menu.StageIcon
556;unstoppable_fla.stageIcon_416
493;uk.co.kempt.display.menu.UnstoppableMenuPages
492;uk.co.kempt.display.menu.pages.ServerErrorPage
487;trans_8
485;unstoppable_fla.levelFailedPageAnim_469
484;uk.co.kempt.display.menu.pages.HighScoresPage
482;trans_6
477;trans_5
473;trans_7
468;uk.co.kempt.display.menu.pages.CreateUserPage
460;trans_3
454;uk.co.kempt.display.menu.pages.GameCompletePage
446;trans_4
431;uk.co.kempt.display.menu.pages.RegionSummaryPage
417;unstoppable_fla.gameOverPageAnim_468
416;uk.co.kempt.display.menu.pages.GameOverPage
408;trans_9
399;trans_15
360;unstoppable_fla.BudgetReportPageAnim_467
359;uk.co.kempt.display.menu.pages.BudgetReportPage
353;unstoppable_fla.DamageReportPageAnim_464
352;uk.co.kempt.display.menu.pages.HowToPlayPage
351;trans_23
345;trans_21
339;trans_20
333;trans_19
327;trans_18
321;trans_17
314;trans_16
301;unstoppable_fla.static_66
287;uk.co.kempt.display.menu.pages.StartPage
262;uk.co.kempt.display.MuteButton
257;kitunstoppableLogov01
234;uk.co.kempt.display.menu.pages.DamageReportPage
223;trans_2
207;uk.co.kempt.world.nonstatic.BridgeBuilderVehicle
205;uk.co.kempt.display.particles.BuildingDust
182;uk.co.kempt.display.RingOfDeath
178;uk.co.kempt.world.Choppa
174;uk.co.kempt.display.particles.ExplosionSmall
135;unstoppable_fla.choppaBladesAnim_479
134;unstoppable_fla.heliBlades_480
128;uk.co.kempt.world.Train
127;uk.co.kempt.world.primitives.SolidRectangle
103;alarm_a_01
102;bridgeConstructionloop
101;buildingDeath_b_01
100;buildingDeath_c_01
99;buildingDeath_d_01
98;buildingDeath_e_01
97;carDeath_a_02
96;carDeath_b_01
95;carDeath_c_01
94;construction_a_03
93;crossingbell_03
92;demolishBuilding_a_01
91;effect_03
90;effect_06
89;effect_07_derail
88;guitarLoop_02
87;helicopter_flyby03_loop_a
86;nuke_04
85;ringOfDeath
84;scream_b_01
83;scream_c_01
82;scream_d_01
81;scream_e_01
80;scream_f_01
79;scream_h_01
78;scream_i_01
77;scream_j_01
76;scream_l_01
75;scream_m_01
74;staticBurst
73;tensionLoop_02
72;train_continuous_squeak_a_04
71;train_freight_loop_eqed_3_loop3_trimmed
70;treeDeath_a_02
69;waterbarrel
1908;unstoppable_fla.kitbottomBanner_34
1892;unstoppable_fla.kitbannerhL_36
